"Symbol","Name","LastSale","MarketCap","ADR TSO","IPOyear","Sector","industry","Summary Quote",""
"STI_nyse","SunTrust Banks, Inc.","30.55","16502266239.55","n/a","n/a","Finance","Major Banks","http://www.nasdaq.com/symbol/sti",""
"STI/WS/A_nyse","SunTrust Banks, Inc.","7.6","0","n/a","n/a","n/a","n/a","http://www.nasdaq.com/symbol/sti/ws/a",""
"STI/WS/B_nyse","SunTrust Banks, Inc.","2.95","0","n/a","n/a","n/a","n/a","http://www.nasdaq.com/symbol/sti/ws/b",""
"STI^A_nyse","SunTrust Banks, Inc.","24.64","0","n/a","n/a","n/a","n/a","http://www.nasdaq.com/symbol/sti^a",""
"STI^E_nyse","SunTrust Banks, Inc.","25.97","0","n/a","n/a","n/a","n/a","http://www.nasdaq.com/symbol/sti^e",""
"SPN_nyse","Superior Energy Services, Inc.","28.65","4571488946.1","n/a","n/a","Energy","Oilfield Services/Equipment","http://www.nasdaq.com/symbol/spn",""
"SUP_nyse","Superior Industries International, Inc.","17.85","487704179.55","n/a","n/a","Capital Goods","Auto Parts:O.E.M.","http://www.nasdaq.com/symbol/sup",""
"SVU_nyse","SuperValu Inc.","6.15","1581554221.2","n/a","n/a","Consumer Services","Food Chains","http://www.nasdaq.com/symbol/svu",""
"SUSS_nyse","Susser Holdings Corporation","51.26","1093318593.84","n/a","2006","Consumer Non-Durables","Food Chains","http://www.nasdaq.com/symbol/suss",""
"SUSP_nyse","Susser Petroleum Partners LP","29.64","648489766.08","n/a","n/a","Energy","Oil Refining/Marketing","http://www.nasdaq.com/symbol/susp",""
"SFY_nyse","Swift Energy Company","13.19","571892798.21","n/a","1981","Energy","Oil & Gas Production","http://www.nasdaq.com/symbol/sfy",""
"SWFT_nyse","Swift Transportation Company","14.86","2078280369.6","n/a","1990","Transportation","Trucking Freight/Courier Services","http://www.nasdaq.com/symbol/swft",""
"SWZ_nyse","Swiss Helvetia Fund, Inc. (The)","12.86","398264490.7","n/a","1987","n/a","n/a","http://www.nasdaq.com/symbol/swz",""
"SWS_nyse","SWS Group, Inc.","5.68","187113661.28","n/a","n/a","Finance","Investment Bankers/Brokers/Service","http://www.nasdaq.com/symbol/sws",""
"SYA_nyse","Symetra Financial Corporation","13.5","1604143791","n/a","2010","Finance","Life Insurance","http://www.nasdaq.com/symbol/sya",""
"SMA_nyse","Symmetry Medical Inc","10.15","378354323.2","n/a","2004","Health Care","Industrial Specialties","http://www.nasdaq.com/symbol/sma",""
"SYT_nyse","Syngenta AG","83.6","38144230520","n/a","1993","Basic Industries","Agricultural Chemicals","http://www.nasdaq.com/symbol/syt",""
"SNX_nyse","Synnex Corporation","36.16","1348956899.84","n/a","2003","Technology","Retail: Computer Software & Peripheral Equipment","http://www.nasdaq.com/symbol/snx",""
"SNV_nyse","Synovus Financial Corp.","2.74","2157349148.96","n/a","n/a","Finance","Major Banks","http://www.nasdaq.com/symbol/snv",""
"SNV^T_nyse","Synovus Financial Corp.","25.28","0","n/a","n/a","n/a","n/a","http://www.nasdaq.com/symbol/snv^t",""
"GJD_nyse","SYNTHETIC FIXED INCOME SECURITIES INC","25.96","0","n/a","n/a","Finance","Finance: Consumer Services","http://www.nasdaq.com/symbol/gjd",""
"GJH_nyse","SYNTHETIC FIXED INCOME SECURITIES INC","10.53","0","n/a","n/a","Finance","Finance: Consumer Services","http://www.nasdaq.com/symbol/gjh",""
"GJJ_nyse","SYNTHETIC FIXED INCOME SECURITIES INC","25.1","0","n/a","n/a","Finance","Finance: Consumer Services","http://www.nasdaq.com/symbol/gjj",""
"GJK_nyse","SYNTHETIC FIXED INCOME SECURITIES INC","25.22","0","n/a","n/a","Finance","Finance: Consumer Services","http://www.nasdaq.com/symbol/gjk",""
"GJO_nyse","SYNTHETIC FIXED INCOME SECURITIES INC","19.93","0","n/a","n/a","Finance","Finance: Consumer Services","http://www.nasdaq.com/symbol/gjo",""
"GJS_nyse","SYNTHETIC FIXED INCOME SECURITIES INC","16.42","0","n/a","n/a","Finance","Finance: Consumer Services","http://www.nasdaq.com/symbol/gjs",""
"GJP_nyse","Synthetic Fixed-Income Securities, Inc.","23.9","0","n/a","n/a","n/a","n/a","http://www.nasdaq.com/symbol/gjp",""
"GJR_nyse","Synthetic Fixed-Income Securities, Inc.","20","0","n/a","n/a","n/a","n/a","http://www.nasdaq.com/symbol/gjr",""
"GJT_nyse","Synthetic Fixed-Income Securities, Inc.","18.38","0","n/a","n/a","Finance","Finance: Consumer Services","http://www.nasdaq.com/symbol/gjt",""
"GJV_nyse","Synthetic Fixed-Income Securities, Inc.","26.05","0","n/a","n/a","Finance","Finance: Consumer Services","http://www.nasdaq.com/symbol/gjv",""
"SYY_nyse","Sysco Corporation","34.16","20273478514.8","n/a","1970","Consumer Non-Durables","Food Distributors","http://www.nasdaq.com/symbol/syy",""
"SYX_nyse","Systemax Inc.","9.42","345520626.24","n/a","n/a","Consumer Services","Catalog/Specialty Distribution","http://www.nasdaq.com/symbol/syx",""
"TAHO_nyse","Tahoe Resources, Inc.","16.34","2380801235.8","n/a","n/a","Basic Industries","Precious Metals","http://www.nasdaq.com/symbol/taho",""
"TWN_nyse","Taiwan Fund, Inc. (The)","17.01","145202616.09","n/a","1986","n/a","n/a","http://www.nasdaq.com/symbol/twn",""
"TSM_nyse","Taiwan Semiconductor Manufacturing Company Ltd.","20.21","104786568957.93","n/a","1997","Technology","Semiconductors","http://www.nasdaq.com/symbol/tsm",""
"XRS_nyse","TAL Education Group","9.13","707383470.86","n/a","2010","Consumer Services","Other Consumer Services","http://www.nasdaq.com/symbol/xrs",""
"TAL_nyse","TAL International Group, Inc.","40.57","1373069904.48","n/a","2005","Technology","Diversified Commercial Services","http://www.nasdaq.com/symbol/tal",""
"TLM_nyse","Talisman Energy Inc.","11.5","11896339266","n/a","n/a","Energy","Oil & Gas Production","http://www.nasdaq.com/symbol/tlm",""
"TAM_nyse","Taminco Corporation","15.52","1012345357.76","n/a","n/a","Basic Industries","Major Chemicals","http://www.nasdaq.com/symbol/tam",""
"SKT_nyse","Tanger Factory Outlet Centers, Inc.","37.19","3511298945.03","n/a","1993","Consumer Services","Real Estate Investment Trusts","http://www.nasdaq.com/symbol/skt",""
"TAOM_nyse","Taomee Holdings Limited","4.68","179310076.92","n/a","n/a","Miscellaneous","Business Services","http://www.nasdaq.com/symbol/taom",""
"NGLS_nyse","Targa Resources Partners LP","48.17","4950771317.39","n/a","2007","Public Utilities","Natural Gas Distribution","http://www.nasdaq.com/symbol/ngls",""
"TRGP_nyse","Targa Resources, Inc.","68.61","2904260408.07","n/a","2010","Public Utilities","Natural Gas Distribution","http://www.nasdaq.com/symbol/trgp",""
"TGT_nyse","Target Corporation","69.48","44573817129.48","n/a","n/a","Consumer Services","Department/Specialty Retail Stores","http://www.nasdaq.com/symbol/tgt",""
"TARO_nyse","Taro Pharmaceutical Industries Ltd.","62.02","2778465424.14","n/a","n/a","Consumer Durables","Major Pharmaceuticals","http://www.nasdaq.com/symbol/taro",""
"TCL_nyse","Tata Communications Limited","8.27","1178475000","n/a","n/a","Public Utilities","Telecommunications Equipment","http://www.nasdaq.com/symbol/tcl",""
"TTM_nyse","Tata Motors Ltd","27.55","17486241600.7","n/a","n/a","Capital Goods","Auto Manufacturing","http://www.nasdaq.com/symbol/ttm",""
"TCO_nyse","Taubman Centers, Inc.","86.38","5508311195.94","n/a","1992","Consumer Services","Real Estate Investment Trusts","http://www.nasdaq.com/symbol/tco",""
"TCO^J_nyse","Taubman Centers, Inc.","26.7","0","n/a","n/a","n/a","n/a","http://www.nasdaq.com/symbol/tco^j",""
"TCO^K_nyse","Taubman Centers, Inc.","25.98","0","n/a","n/a","n/a","n/a","http://www.nasdaq.com/symbol/tco^k",""
"TMHC_nyse","Taylor Morrison Home Corporation","25.85","3161686719.4","n/a","n/a","Capital Goods","Homebuilding","http://www.nasdaq.com/symbol/tmhc",""
"TCP_nyse","TC PipeLines, LP","46.05","2462420874.3","n/a","n/a","Public Utilities","Natural Gas Distribution","http://www.nasdaq.com/symbol/tcp",""
"TCB_nyse","TCF Financial Corporation","14.98","2453875253.06","n/a","n/a","Finance","Major Banks","http://www.nasdaq.com/symbol/tcb",""
"TCB/WS_nyse","TCF Financial Corporation","2.22","0","n/a","n/a","n/a","n/a","http://www.nasdaq.com/symbol/tcb/ws",""
"TCB^B_nyse","TCF Financial Corporation","28.25","0","n/a","n/a","n/a","n/a","http://www.nasdaq.com/symbol/tcb^b",""
"TCB^C_nyse","TCF Financial Corporation","26.3","0","n/a","n/a","n/a","n/a","http://www.nasdaq.com/symbol/tcb^c",""
"TSI_nyse","TCW Strategic Income Fund, Inc.","6.05","288040372.95","n/a","n/a","n/a","n/a","http://www.nasdaq.com/symbol/tsi",""
"AMTD_nyse","TD Ameritrade Holding Corporation","21.11","11614203686.17","n/a","1997","Finance","Investment Bankers/Brokers/Service","http://www.nasdaq.com/symbol/amtd",""
"TEL_nyse","TE Connectivity Ltd.","44.5","18486518187.5","n/a","n/a","Consumer Non-Durables","Electronic Components","http://www.nasdaq.com/symbol/tel",""
"TMH_nyse","Team Health Holdings, Inc.","37.4","2568928208","n/a","2009","Technology","Professional Services","http://www.nasdaq.com/symbol/tmh",""
"TISI_nyse","Team, Inc.","39.93","822071173.44","n/a","n/a","Consumer Services","Other Consumer Services","http://www.nasdaq.com/symbol/tisi",""
"TCK_nyse","Teck Resources Ltd","28.87","16516888769.97","n/a","1991","Basic Industries","Mining & Quarrying of Nonmetallic Minerals (No Fuels)","http://www.nasdaq.com/symbol/tck",""
"TE_nyse","TECO Energy, Inc.","18.45","4014410519.7","n/a","n/a","Public Utilities","Electric Utilities: Central","http://www.nasdaq.com/symbol/te",""
"TK_nyse","Teekay Corporation","37.57","2618786343.16","n/a","1995","Transportation","Marine Transportation","http://www.nasdaq.com/symbol/tk",""
"TGP_nyse","Teekay LNG Partners L.P.","43.08","3001976510.04","n/a","2005","Consumer Services","Marine Transportation","http://www.nasdaq.com/symbol/tgp",""
"TOO_nyse","Teekay Offshore Partners L.P.","31.69","2538540379.52","n/a","2006","Consumer Services","Marine Transportation","http://www.nasdaq.com/symbol/too",""
"TOO^A_nyse","Teekay Offshore Partners L.P.","25.8482","0","n/a","n/a","n/a","n/a","http://www.nasdaq.com/symbol/too^a",""
"TNK_nyse","Teekay Tankers Ltd.","2.48","207305754.4","n/a","2007","Consumer Services","Marine Transportation","http://www.nasdaq.com/symbol/tnk",""
"TRC_nyse","Tejon Ranch Co","30.32","609363294.88","n/a","n/a","Finance","Real Estate","http://www.nasdaq.com/symbol/trc",""
"TEO_nyse","Telecom Argentina Stet - France Telecom S.A.","16.24","3197269406.8","n/a","n/a","Public Utilities","Telecommunications Equipment","http://www.nasdaq.com/symbol/teo",""
"TI_nyse","Telecom Italia S.P.A.","8.32","16041578708.48","n/a","n/a","Consumer Services","Telecommunications Equipment","http://www.nasdaq.com/symbol/ti",""
"TI/A_nyse","Telecom Italia S.P.A.","6.81","0","n/a","n/a","Consumer Services","Telecommunications Equipment","http://www.nasdaq.com/symbol/ti/a",""
"TDY_nyse","Teledyne Technologies Incorporated","77.45","2890075406.5","n/a","n/a","Capital Goods","Industrial Machinery/Components","http://www.nasdaq.com/symbol/tdy",""
"TFX_nyse","Teleflex Incorporated","79.89","3284358109.56","n/a","n/a","Health Care","Medical/Dental Instruments","http://www.nasdaq.com/symbol/tfx",""
"VIV_nyse","Telefonica Brasil S.A.","26.13","29351025345.72","n/a","n/a","Public Utilities","Telecommunications Equipment","http://www.nasdaq.com/symbol/viv",""
"TEF_nyse","Telefonica SA","14.39","65489243792.54","n/a","1988","Public Utilities","Telecommunications Equipment","http://www.nasdaq.com/symbol/tef",""
"TDA_nyse","Telephone and Data Systems, Inc.","25.77","0","n/a","n/a","Public Utilities","Telecommunications Equipment","http://www.nasdaq.com/symbol/tda",""
"TDE_nyse","Telephone and Data Systems, Inc.","27.5","0","n/a","n/a","Public Utilities","Telecommunications Equipment","http://www.nasdaq.com/symbol/tde",""
"TDI_nyse","Telephone and Data Systems, Inc.","25.69","0","n/a","n/a","Public Utilities","Telecommunications Equipment","http://www.nasdaq.com/symbol/tdi",""
"TDJ_nyse","Telephone and Data Systems, Inc.","27.93","0","n/a","n/a","Public Utilities","Telecommunications Equipment","http://www.nasdaq.com/symbol/tdj",""
"TDS_nyse","Telephone and Data Systems, Inc.","22.62","2444705834.22","n/a","n/a","Public Utilities","Telecommunications Equipment","http://www.nasdaq.com/symbol/tds",""
"TU_nyse","TELUS Corporation","36.93","24134748269.28","n/a","n/a","Public Utilities","Telecommunications Equipment","http://www.nasdaq.com/symbol/tu",""
"TDF_nyse","Templeton Dragon Fund, Inc.","28.24","1069542754.48","n/a","1994","n/a","n/a","http://www.nasdaq.com/symbol/tdf",""
"EMF_nyse","Templeton Emerging Markets Fund","20.68","374000012.76","n/a","1987","n/a","n/a","http://www.nasdaq.com/symbol/emf",""
"TEI_nyse","Templeton Emerging Markets Income Fund, Inc.","16.77","800219406.09","n/a","1993","n/a","n/a","http://www.nasdaq.com/symbol/tei",""
"GIM_nyse","Templeton Global Income Fund, Inc.","9.62","1281714062.2","n/a","1988","n/a","n/a","http://www.nasdaq.com/symbol/gim",""
"TRF_nyse","Templeton Russia Fund, Inc.","14.83","85200930.42","n/a","1995","n/a","n/a","http://www.nasdaq.com/symbol/trf",""
"TPX_nyse","Tempur-pedic International Inc","47.3","2852662195.9","n/a","2003","Consumer Durables","Home Furnishings","http://www.nasdaq.com/symbol/tpx",""
"TS_nyse","Tenaris S.A.","43.3","25558622369.5","n/a","n/a","Basic Industries","Steel/Iron Ore","http://www.nasdaq.com/symbol/ts",""
"THC_nyse","Tenet Healthcare Corporation","47.68","4934930493.12","n/a","n/a","Health Care","Hospital/Nursing Management","http://www.nasdaq.com/symbol/thc",""
"TNC_nyse","Tennant Company","49.93","918779705.08","n/a","n/a","Technology","Industrial Machinery/Components","http://www.nasdaq.com/symbol/tnc",""
"TEN_nyse","Tenneco Inc.","41.31","2502250305.48","n/a","n/a","Capital Goods","Auto Parts:O.E.M.","http://www.nasdaq.com/symbol/ten",""
"TVC_nyse","Tennessee Valley Authority","25.86","0","n/a","n/a","Public Utilities","Electric Utilities: Central","http://www.nasdaq.com/symbol/tvc",""
"TVE_nyse","Tennessee Valley Authority","26","0","n/a","n/a","Public Utilities","Electric Utilities: Central","http://www.nasdaq.com/symbol/tve",""
"TDC_nyse","Teradata Corporation","55.1","9003340000","n/a","n/a","Technology","Computer Manufacturing","http://www.nasdaq.com/symbol/tdc",""
"TER_nyse","Teradyne, Inc.","16.64","3170912359.68","n/a","1970","Capital Goods","Electrical Products","http://www.nasdaq.com/symbol/ter",""
"TEX_nyse","Terex Corporation","31.75","3530600000","n/a","n/a","Capital Goods","Construction/Ag Equipment/Trucks","http://www.nasdaq.com/symbol/tex",""
"TX_nyse","Ternium S.A.","23.79","4769284643.76","n/a","n/a","Basic Industries","Steel/Iron Ore","http://www.nasdaq.com/symbol/tx",""
"TNH_nyse","Terra Nitrogen Company, L.P.","222.52","4116970691.52","n/a","n/a","Basic Industries","Agricultural Chemicals","http://www.nasdaq.com/symbol/tnh",""
"TRNO_nyse","Terreno Realty Corporation","19.61","377016192.71","n/a","1983","Finance","Real Estate","http://www.nasdaq.com/symbol/trno",""
"TRNO^A_nyse","Terreno Realty Corporation","26.72","0","n/a","n/a","n/a","n/a","http://www.nasdaq.com/symbol/trno^a",""
"TSO_nyse","Tesoro Corporation","56.06","7613799887.76","n/a","n/a","Energy","Integrated oil Companies","http://www.nasdaq.com/symbol/tso",""
"TLLP_nyse","Tesoro Logistics LP","60.75","2765754497.25","n/a","n/a","Energy","Natural Gas Distribution","http://www.nasdaq.com/symbol/tllp",""
"TTI_nyse","Tetra Technologies, Inc.","9.04","706928072.32","n/a","n/a","Energy","Oil & Gas Production","http://www.nasdaq.com/symbol/tti",""
"TEVA_nyse","Teva Pharmaceutical Industries Limited","38.87","33117240000","n/a","n/a","Consumer Durables","Major Pharmaceuticals","http://www.nasdaq.com/symbol/teva",""
"TXI_nyse","Texas Industries, Inc.","68.19","1938560008.38","n/a","n/a","Capital Goods","Building Materials","http://www.nasdaq.com/symbol/txi",""
"TPL_nyse","Texas Pacific Land Trust","74.5","655246721","n/a","n/a","Finance","Real Estate","http://www.nasdaq.com/symbol/tpl",""
"TGH_nyse","Textainer Group Holdings Limited","38.18","2147938763.24","n/a","1997","Technology","Diversified Commercial Services","http://www.nasdaq.com/symbol/tgh",""
"TXT_nyse","Textron Inc.","27.04","7513191845.12","n/a","n/a","Capital Goods","Aerospace","http://www.nasdaq.com/symbol/txt",""
"TTF_nyse","Thai Fund, Inc. (The)","25.81","389630134.52","n/a","1988","n/a","n/a","http://www.nasdaq.com/symbol/ttf",""
"ACTV_nyse","The Active Network, Inc.","5.74","352376585.26","n/a","n/a","Technology","Computer Software: Prepackaged Software","http://www.nasdaq.com/symbol/actv",""
"AES_nyse","The AES Corporation","13.22","9859041062","n/a","n/a","Basic Industries","Electric Utilities: Central","http://www.nasdaq.com/symbol/aes",""
"AES^C_nyse","The AES Corporation","50.53","0","n/a","n/a","Basic Industries","Electric Utilities: Central","http://www.nasdaq.com/symbol/aes^c",""
"BX_nyse","The Blackstone Group L.P.","22","12214803348","n/a","2007","Finance","Investment Managers","http://www.nasdaq.com/symbol/bx",""
"CSFS_nyse","The Cash Store Financial Services Inc.","2.95","51836848.35","n/a","n/a","Finance","Finance: Consumer Services","http://www.nasdaq.com/symbol/csfs",""
"SCHW_nyse","The Charles Schwab Corporation","17.51","22412439399.06","n/a","n/a","Finance","Investment Bankers/Brokers/Service","http://www.nasdaq.com/symbol/schw",""
"CEB_nyse","The Corporate Executive Board Company","57.06","1915332449.4","n/a","n/a","Consumer Services","Professional Services","http://www.nasdaq.com/symbol/ceb",""
"SRV_nyse","The Cushing MLP Total Return Fund","8.14","271630872.04","n/a","n/a","n/a","n/a","http://www.nasdaq.com/symbol/srv",""
"SRF_nyse","The Cushing Royalty & Income Fund","21.34","204653438.22","n/a","n/a","n/a","n/a","http://www.nasdaq.com/symbol/srf",""
"DNY_nyse","The Denali Fund","19.71","81936776.07","n/a","n/a","n/a","n/a","http://www.nasdaq.com/symbol/dny",""
"GRX_nyse","The Gabelli Healthcare & Wellness Trust","10.34","115988536.4","n/a","n/a","n/a","n/a","http://www.nasdaq.com/symbol/grx",""
"GRX^A_nyse","The Gabelli Healthcare & Wellness Trust","27.81","0","n/a","n/a","n/a","n/a","http://www.nasdaq.com/symbol/grx^a",""
"GDL_nyse","The GDL Fund","11.7101","246335759.7079","n/a","2007","n/a","n/a","http://www.nasdaq.com/symbol/gdl",""
"GDL^B_nyse","The GDL Fund","50.5","0","n/a","n/a","n/a","n/a","http://www.nasdaq.com/symbol/gdl^b",""
"THG_nyse","The Hanover Insurance Group, Inc.","50.54","2224370523.2","n/a","n/a","Finance","Property-Casualty Insurers","http://www.nasdaq.com/symbol/thg",""
"THGA_nyse","The Hanover Insurance Group, Inc.","25.88","0","n/a","n/a","Finance","Property-Casualty Insurers","http://www.nasdaq.com/symbol/thga",""
"TRV_nyse","The Travelers Companies, Inc.","86.46","32545132616.04","n/a","n/a","Finance","Property-Casualty Insurers","http://www.nasdaq.com/symbol/trv",""
"TGX_nyse","Theragenics Corporation","1.504","46699230.08","n/a","n/a","Capital Goods","Electrical Products","http://www.nasdaq.com/symbol/tgx",""
"TMO_nyse","Thermo Fisher Scientific Inc","83.48","29963306267.76","n/a","n/a","Capital Goods","Industrial Machinery/Components","http://www.nasdaq.com/symbol/tmo",""
"THR_nyse","Thermon Group Holdings, Inc.","18.95","590095950.6","n/a","n/a","Energy","Industrial Machinery/Components","http://www.nasdaq.com/symbol/thr",""
"TPGI_nyse","Thomas Properties Group, Inc.","5.35","313599088.2","n/a","2004","n/a","n/a","http://www.nasdaq.com/symbol/tpgi",""
"TC_nyse","Thompson Creek Metals Company Inc.","3.81","650258251.17","n/a","1990","Basic Industries","Precious Metals","http://www.nasdaq.com/symbol/tc",""
"TC^T_nyse","Thompson Creek Metals Company Inc.","19.5101","0","n/a","n/a","n/a","n/a","http://www.nasdaq.com/symbol/tc^t",""
"TRI_nyse","Thomson Reuters Corp","34.13","28291368681.46","n/a","1993","Consumer Services","Publishing","http://www.nasdaq.com/symbol/tri",""
"THO_nyse","Thor Industries, Inc.","40.33","2139183537.36","n/a","n/a","Consumer Non-Durables","Homebuilding","http://www.nasdaq.com/symbol/tho",""
"TDW_nyse","Tidewater Inc.","55.41","2737121902.56","n/a","n/a","Consumer Services","Marine Transportation","http://www.nasdaq.com/symbol/tdw",""
"TIF_nyse","Tiffany & Co.","75.81","9636765014.73","n/a","1987","Consumer Services","Consumer Specialties","http://www.nasdaq.com/symbol/tif",""
"TLYS_nyse","Tilly&#39;s, Inc.","16.18","448394058.62","n/a","n/a","Consumer Services","Clothing/Shoe/Accessory Stores","http://www.nasdaq.com/symbol/tlys",""
"THI_nyse","Tim Hortons Inc.","55.33","8487889741.87","n/a","2006","Consumer Services","Restaurants","http://www.nasdaq.com/symbol/thi",""
"TSU_nyse","TIM Participacoes S.A.","20.26","9796247477.54","n/a","n/a","Public Utilities","Telecommunications Equipment","http://www.nasdaq.com/symbol/tsu",""
"TWC_nyse","Time Warner Cable Inc","97.94","28496948442.26","n/a","n/a","Consumer Services","Television Services","http://www.nasdaq.com/symbol/twc",""
"TWX_nyse","Time Warner Inc.","61.1","56955833844","n/a","n/a","Consumer Services","Television Services","http://www.nasdaq.com/symbol/twx",""
"TKR_nyse","Timken Company (The)","56.42","5425004222.82","n/a","n/a","Capital Goods","Metal Fabrications","http://www.nasdaq.com/symbol/tkr",""
"TWI_nyse","Titan International, Inc.","23.68","1267416825.6","n/a","n/a","Basic Industries","Steel/Iron Ore","http://www.nasdaq.com/symbol/twi",""
"TJX_nyse","TJX Companies, Inc. (The)","50.69","36532587951.04","n/a","1987","Consumer Services","Clothing/Shoe/Accessory Stores","http://www.nasdaq.com/symbol/tjx",""
"TMUS_nyse","T-Mobile US, Inc.","18.28","3384304469.68","n/a","n/a","n/a","n/a","http://www.nasdaq.com/symbol/tmus",""
"TMS_nyse","TMS International Corp.","15.5","225964146","n/a","n/a","Capital Goods","Steel/Iron Ore","http://www.nasdaq.com/symbol/tms",""
"TOL_nyse","Toll Brothers Inc.","36.34","6147347080","n/a","n/a","Capital Goods","Homebuilding","http://www.nasdaq.com/symbol/tol",""
"TR_nyse","Tootsie Roll Industries, Inc.","30.68","1123689269.56","n/a","n/a","Consumer Non-Durables","Specialty Foods","http://www.nasdaq.com/symbol/tr",""
"TMK_nyse","Torchmark Corporation","64.07","5981844165.86","n/a","n/a","Finance","Life Insurance","http://www.nasdaq.com/symbol/tmk",""
"TMK^B_nyse","Torchmark Corporation","26.86","0","n/a","n/a","n/a","n/a","http://www.nasdaq.com/symbol/tmk^b",""
"TTC_nyse","Toro Company (The)","46.91","2714251816.76","n/a","n/a","Capital Goods","Tools/Hardware","http://www.nasdaq.com/symbol/ttc",""
"TD_nyse","Toronto Dominion Bank (The)","82.26","75904280387.82","n/a","n/a","Finance","Commercial Banks","http://www.nasdaq.com/symbol/td",""
"TYY_nyse","Tortoise Energy Capital Corporation","34.22","680622659.52","n/a","2005","n/a","n/a","http://www.nasdaq.com/symbol/tyy",""
"TYY^C_nyse","Tortoise Energy Capital Corporation","10.18","0","n/a","n/a","n/a","n/a","http://www.nasdaq.com/symbol/tyy^c",""
"NDP_nyse","Tortoise Energy Independence Fund, Inc.","25.03","363040126","n/a","n/a","n/a","n/a","http://www.nasdaq.com/symbol/ndp",""
"TYG_nyse","Tortoise Energy Infrastructure Corporation","45.77","1295123802.19","n/a","2004","n/a","n/a","http://www.nasdaq.com/symbol/tyg",""
"TYG^B_nyse","Tortoise Energy Infrastructure Corporation","9.96","0","n/a","n/a","n/a","n/a","http://www.nasdaq.com/symbol/tyg^b",""
"NTG_nyse","Tortoise MLP Fund, Inc.","29.56","1376308663.48","n/a","2000","n/a","n/a","http://www.nasdaq.com/symbol/ntg",""
"TYN_nyse","Tortoise North American Energy Corporation","30.102","189678451.482","n/a","2005","n/a","n/a","http://www.nasdaq.com/symbol/tyn",""
"TTP_nyse","Tortoise Pipeline & Energy Fund, Inc.","29","290121800","n/a","n/a","n/a","n/a","http://www.nasdaq.com/symbol/ttp",""
"TPZ_nyse","Tortoise Power and Energy Infrastructure Fund, Inc","26.74","185878644.42","n/a","2009","n/a","n/a","http://www.nasdaq.com/symbol/tpz",""
"TSS_nyse","Total System Services, Inc.","24.07","4491145383.22","n/a","1983","Miscellaneous","Business Services","http://www.nasdaq.com/symbol/tss",""
"TOT_nyse","TotalFinaElf, S.A.","50.64","114321937362.48","n/a","n/a","Energy","Oil & Gas Production","http://www.nasdaq.com/symbol/tot",""
"TOWR_nyse","Tower International, Inc.","19.72","400173286.36","n/a","2010","Capital Goods","Auto Parts:O.E.M.","http://www.nasdaq.com/symbol/towr",""
"TW_nyse","Towers Watson & Co","76.2","5641831769.4","n/a","n/a","Consumer Services","Professional Services","http://www.nasdaq.com/symbol/tw",""
"TM_nyse","Toyota Motor Corp Ltd Ord","118.14","187066608869.58","n/a","1979","Capital Goods","Auto Manufacturing","http://www.nasdaq.com/symbol/tm",""
"TAC_nyse","TransAlta Corporation","14.89","3847879756","n/a","n/a","Public Utilities","Electric Utilities: Central","http://www.nasdaq.com/symbol/tac",""
"TAI_nyse","Transamerica Income Shares, Inc.","21.73","137306893.83","n/a","n/a","n/a","n/a","http://www.nasdaq.com/symbol/tai",""
"TRP_nyse","TransCanada Corporation","48.81","34478098637.46","n/a","n/a","Public Utilities","Natural Gas Distribution","http://www.nasdaq.com/symbol/trp",""
"TCI_nyse","Transcontinental Realty Investors, Inc.","6.8","57211589.2","n/a","1974","Consumer Services","Real Estate Investment Trusts","http://www.nasdaq.com/symbol/tci",""
"TDG_nyse","Transdigm Group Incorporated","149.87","7499562990.85","n/a","2006","Capital Goods","Military/Government/Technical","http://www.nasdaq.com/symbol/tdg",""
"TLP_nyse","Transmontaigne Partners L.P.","47.75","690324901.5","n/a","2005","Energy","Natural Gas Distribution","http://www.nasdaq.com/symbol/tlp",""
"RIG_nyse","Transocean Ltd.","54.91","19742487899.88","n/a","1993","Energy","Oil & Gas Production","http://www.nasdaq.com/symbol/rig",""
"TGS_nyse","Transportadora De Gas Sa Ord B","1.8","286018300.8","n/a","n/a","Public Utilities","Natural Gas Distribution","http://www.nasdaq.com/symbol/tgs",""
"TA_nyse","TravelCenters of America LLC","10.44","308354284.44","n/a","n/a","Consumer Durables","Automotive Aftermarket","http://www.nasdaq.com/symbol/ta",""
"TANN_nyse","TravelCenters of America LLC","27.14","0","n/a","1999","Consumer Durables","Automotive Aftermarket","http://www.nasdaq.com/symbol/tann",""
"TRR_nyse","TRC Companies, Inc.","5.61","162596122.26","n/a","n/a","Basic Industries","Environmental Services","http://www.nasdaq.com/symbol/trr",""
"TG_nyse","Tredegar Corporation","26.5","854386155.5","n/a","n/a","Capital Goods","Metal Fabrications","http://www.nasdaq.com/symbol/tg",""
"THS_nyse","Treehouse Foods, Inc.","63.79","2309183455.88","n/a","1995","Consumer Non-Durables","Packaged Foods","http://www.nasdaq.com/symbol/ths",""
"TREX_nyse","Trex Company, Inc.","53.53","919917814.17","n/a","1993","Basic Industries","Forest Products","http://www.nasdaq.com/symbol/trex",""
"TY_nyse","Tri Continental Corporation","18.3","1151524151.1","n/a","n/a","n/a","n/a","http://www.nasdaq.com/symbol/ty",""
"TY^_nyse","Tri Continental Corporation","51.94","0","n/a","n/a","n/a","n/a","http://www.nasdaq.com/symbol/ty^",""
"TPH_nyse","Tri Pointe Homes, Inc.","18.7","590880860.9","n/a","n/a","Capital Goods","Homebuilding","http://www.nasdaq.com/symbol/tph",""
"TCAP_nyse","Triangle Capital Corporation","28.21","776756651.58","n/a","2007","n/a","n/a","http://www.nasdaq.com/symbol/tcap",""
"TCC_nyse","Triangle Capital Corporation","26.4","0","n/a","1993","n/a","n/a","http://www.nasdaq.com/symbol/tcc",""
"TCCA_nyse","Triangle Capital Corporation","25.56","0","n/a","n/a","n/a","n/a","http://www.nasdaq.com/symbol/tcca",""
"TSL_nyse","Trina Solar Limited","4.79","378220584.24","n/a","2006","Technology","Semiconductors","http://www.nasdaq.com/symbol/tsl",""
"TRN_nyse","Trinity Industries, Inc.","42.22","3343972656.62","n/a","n/a","Capital Goods","Railroads","http://www.nasdaq.com/symbol/trn",""
"GTS_nyse","Triple-S Management Corporation","19.58","556887467.84","n/a","1998","Finance","Accident &Health Insurance","http://www.nasdaq.com/symbol/gts",""
"TGI_nyse","Triumph Group, Inc.","73.26","3671739038.88","n/a","1996","Capital Goods","Aerospace","http://www.nasdaq.com/symbol/tgi",""
"TROX_nyse","Tronox Limited","21.66","2454941779.14","n/a","n/a","Basic Industries","Major Chemicals","http://www.nasdaq.com/symbol/trox",""
"TBI_nyse","TrueBlue, Inc.","21.51","875201762.34","n/a","n/a","Technology","Professional Services","http://www.nasdaq.com/symbol/tbi",""
"TRLA_nyse","Trulia, Inc.","31.87","1023368869.49","n/a","n/a","Technology","EDP Services","http://www.nasdaq.com/symbol/trla",""
"TRW_nyse","TRW Automotive Holdings Corporation","61.1","7340985488.2","n/a","2004","Capital Goods","Auto Parts:O.E.M.","http://www.nasdaq.com/symbol/trw",""
"TNP_nyse","Tsakos Energy Navigation Ltd","3.8","214484300.6","n/a","2002","Transportation","Marine Transportation","http://www.nasdaq.com/symbol/tnp",""
"TUMI_nyse","Tumi Holdings, Inc.","24.97","1694630674.99","n/a","n/a","Consumer Non-Durables","Apparel","http://www.nasdaq.com/symbol/tumi",""
"TUP_nyse","Tupperware Brands Corporation","81.91","4392479776.44","n/a","n/a","Consumer Non-Durables","Plastic Products","http://www.nasdaq.com/symbol/tup",""
"TKC_nyse","Turkcell Iletisim Hizmetleri AS","15.54","13675200000","n/a","n/a","Public Utilities","Telecommunications Equipment","http://www.nasdaq.com/symbol/tkc",""
"TKF_nyse","Turkish Investment Fund, Inc. (The)","19.46","121863871.5","n/a","1989","n/a","n/a","http://www.nasdaq.com/symbol/tkf",""
"TRQ_nyse","Turquoise Hill Resources Ltd.","7.57","7612631476.95","n/a","n/a","Basic Industries","Precious Metals","http://www.nasdaq.com/symbol/trq",""
"TPC_nyse","Tutor Perini Corporation","17.64","839235206.88","n/a","n/a","Basic Industries","General Bldg Contractors - Nonresidential Bldgs","http://www.nasdaq.com/symbol/tpc",""
"TWO_nyse","Two Harbors Investments Corp","12.2","4453802223.2","n/a","n/a","Consumer Services","Real Estate Investment Trusts","http://www.nasdaq.com/symbol/two",""
"TYC_nyse","Tyco International, Ltd. (Switzerland)","33.96","15757455044.28","n/a","n/a","Consumer Services","Other Consumer Services","http://www.nasdaq.com/symbol/tyc",""
"TYL_nyse","Tyler Technologies, Inc.","64.95","2046184800","n/a","n/a","Technology","Computer Software: Prepackaged Software","http://www.nasdaq.com/symbol/tyl",""
"TSN_nyse","Tyson Foods, Inc.","24.88","7086482150.64","n/a","n/a","Consumer Non-Durables","Meat/Poultry/Fish","http://www.nasdaq.com/symbol/tsn",""
"USB_nyse","U.S. Bancorp","33.31","61611582781.23","n/a","n/a","Finance","Major Banks","http://www.nasdaq.com/symbol/usb",""
"USB^A_nyse","U.S. Bancorp","935","0","n/a","n/a","Finance","Major Banks","http://www.nasdaq.com/symbol/usb^a",""
"USB^H_nyse","U.S. Bancorp","23.98","0","n/a","n/a","n/a","n/a","http://www.nasdaq.com/symbol/usb^h",""
"USB^L/CL_nyse","U.S. Bancorp","25.264","0","n/a","n/a","n/a","n/a","http://www.nasdaq.com/symbol/usb^l/cl",""
"USB^M_nyse","U.S. Bancorp","30.4201","0","n/a","n/a","n/a","n/a","http://www.nasdaq.com/symbol/usb^m",""
"USB^N_nyse","U.S. Bancorp","28.54","0","n/a","n/a","n/a","n/a","http://www.nasdaq.com/symbol/usb^n",""
"USB^O_nyse","U.S. Bancorp","25.38","0","n/a","n/a","n/a","n/a","http://www.nasdaq.com/symbol/usb^o",""
"USPH_nyse","U.S. Physical Therapy, Inc.","25.05","302313119.4","n/a","1992","Health Care","Medical/Nursing Services","http://www.nasdaq.com/symbol/usph",""
"SLCA_nyse","U.S. Silica Holdings, Inc.","21.27","1127092365.36","n/a","n/a","Basic Industries","Mining & Quarrying of Nonmetallic Minerals (No Fuels)","http://www.nasdaq.com/symbol/slca",""
"UBS_nyse","UBS AG","18.22","69914811444.02","n/a","1990","Finance","Major Banks","http://www.nasdaq.com/symbol/ubs",""
"UBS^D_nyse","UBS AG","15.98","0","n/a","n/a","n/a","n/a","http://www.nasdaq.com/symbol/ubs^d",""
"UGI_nyse","UGI Corporation","40.5","4583704545","n/a","n/a","Public Utilities","Natural Gas Distribution","http://www.nasdaq.com/symbol/ugi",""
"UIL_nyse","UIL Holdings Corporation","39.99","2027448971.01","n/a","n/a","Public Utilities","Electric Utilities: Central","http://www.nasdaq.com/symbol/uil",""
"UPL_nyse","Ultra Petroleum Corp.","20.64","3156481928.64","n/a","n/a","Energy","Oil & Gas Production","http://www.nasdaq.com/symbol/upl",""
"UGP_nyse","Ultrapar Participacoes S.A.","26.83","14605822612.68","n/a","n/a","Public Utilities","Oil/Gas Transmission","http://www.nasdaq.com/symbol/ugp",""
"UMH_nyse","UMH Properties, Inc.","11.39","202785578.14","n/a","n/a","Consumer Services","Real Estate Investment Trusts","http://www.nasdaq.com/symbol/umh",""
"UMH^A_nyse","UMH Properties, Inc.","26.949","0","n/a","n/a","n/a","n/a","http://www.nasdaq.com/symbol/umh^a",""
"UA_nyse","Under Armour, Inc.","58.65","6162224886.45","n/a","1995","Consumer Non-Durables","Apparel","http://www.nasdaq.com/symbol/ua",""
"UFI_nyse","Unifi, Inc.","19.5","381335038.5","n/a","n/a","Consumer Non-Durables","Textiles","http://www.nasdaq.com/symbol/ufi",""
"UNF_nyse","Unifirst Corporation","93.16","1864256434.4","n/a","n/a","Consumer Services","Other Consumer Services","http://www.nasdaq.com/symbol/unf",""
"UN_nyse","Unilever NV","41.41","125260448966.01","n/a","n/a","Basic Industries","Package Goods/Cosmetics","http://www.nasdaq.com/symbol/un",""
"UL_nyse","Unilever PLC","42.49","128527323751.89","n/a","n/a","Basic Industries","Package Goods/Cosmetics","http://www.nasdaq.com/symbol/ul",""
"UNP_nyse","Union Pacific Corporation","153.67","71729874377.15","n/a","n/a","Transportation","Railroads","http://www.nasdaq.com/symbol/unp",""
"UIS_nyse","Unisys Corporation","18.54","818265959.1","n/a","n/a","Technology","EDP Services","http://www.nasdaq.com/symbol/uis",""
"UIS^A_nyse","Unisys Corporation","56.75","0","n/a","n/a","n/a","n/a","http://www.nasdaq.com/symbol/uis^a",""
"UNT_nyse","Unit Corporation","45.05","2213887194.5","n/a","n/a","Energy","Oil & Gas Production","http://www.nasdaq.com/symbol/unt",""
"UAL_nyse","United Continental Holdings, Inc.","32.56","10873005553.52","n/a","n/a","Transportation","Air Freight/Delivery Services","http://www.nasdaq.com/symbol/ual",""
"UDR_nyse","United Dominion Realty Trust, Inc.","25.36","6358873951.76","n/a","n/a","Consumer Services","Real Estate Investment Trusts","http://www.nasdaq.com/symbol/udr",""
"UMC_nyse","United Microelectronics Corporation","2.05","5187240271.4","n/a","1993","Technology","Semiconductors","http://www.nasdaq.com/symbol/umc",""
"UPS_nyse","United Parcel Service, Inc.","88.23","83319237045.81","n/a","1999","Transportation","Trucking Freight/Courier Services","http://www.nasdaq.com/symbol/ups",""
"URI_nyse","United Rentals, Inc.","57.83","5449609818.68","n/a","1972","Technology","Diversified Commercial Services","http://www.nasdaq.com/symbol/uri",""
"USM_nyse","United States Cellular Corporation","37.8","3163526263.8","n/a","1988","Public Utilities","Telecommunications Equipment","http://www.nasdaq.com/symbol/usm",""
"UZA_nyse","United States Cellular Corporation","27.08","0","n/a","n/a","Public Utilities","Telecommunications Equipment","http://www.nasdaq.com/symbol/uza",""
"X_nyse","United States Steel Corporation","18.97","2737078406.72","n/a","n/a","Basic Industries","Steel/Iron Ore","http://www.nasdaq.com/symbol/x",""
"UTX_nyse","United Technologies Corporation","94.76","87112935279.6","n/a","n/a","Capital Goods","Aerospace","http://www.nasdaq.com/symbol/utx",""
"UTX^A_nyse","United Technologies Corporation","60.3","0","n/a","n/a","n/a","n/a","http://www.nasdaq.com/symbol/utx^a",""
"UNH_nyse","UnitedHealth Group Incorporated","62.01","63250636364.37","n/a","n/a","Health Care","Medical Specialities","http://www.nasdaq.com/symbol/unh",""
"UTL_nyse","UNITIL Corporation","29.96","413844310.88","n/a","n/a","Public Utilities","Power Generation","http://www.nasdaq.com/symbol/utl",""
"UAM_nyse","Universal American Corp.","8.65","768874435.7","n/a","1986","Health Care","Medical Specialities","http://www.nasdaq.com/symbol/uam",""
"UVV_nyse","Universal Corporation","58.42","1362404699.62","n/a","n/a","Consumer Services","Farming/Seeds/Milling","http://www.nasdaq.com/symbol/uvv",""
"UHT_nyse","Universal Health Realty Income Trust","54.04","685781866.56","n/a","n/a","Consumer Services","Real Estate Investment Trusts","http://www.nasdaq.com/symbol/uht",""
"UHS_nyse","Universal Health Services, Inc.","66.98","6073808423.48","n/a","n/a","Health Care","Hospital/Nursing Management","http://www.nasdaq.com/symbol/uhs",""
"UTI_nyse","Universal Technical Institute Inc","11.7","285647181.3","n/a","1993","Consumer Services","Other Consumer Services","http://www.nasdaq.com/symbol/uti",""
"UNS_nyse","UNS Energy Corporation","48.7","2019066546.4","n/a","n/a","Public Utilities","Electric Utilities: Central","http://www.nasdaq.com/symbol/uns",""
"UNM_nyse","Unum Group","28.04","7484651053.64","n/a","1986","Finance","Accident &Health Insurance","http://www.nasdaq.com/symbol/unm",""
"URS_nyse","URS Corporation","44.78","3404133954.6","n/a","n/a","Consumer Services","Military/Government/Technical","http://www.nasdaq.com/symbol/urs",""
"UBA_nyse","Urstadt Biddle Properties Inc.","22.5","529329892.5","n/a","n/a","Consumer Services","Real Estate Investment Trusts","http://www.nasdaq.com/symbol/uba",""
"UBP_nyse","Urstadt Biddle Properties Inc.","19.93","648853835.2","n/a","n/a","Consumer Services","Real Estate Investment Trusts","http://www.nasdaq.com/symbol/ubp",""
"UBP^C/CL_nyse","Urstadt Biddle Properties Inc.","100.25","0","n/a","n/a","n/a","n/a","http://www.nasdaq.com/symbol/ubp^c/cl",""
"UBP^D_nyse","Urstadt Biddle Properties Inc.","26.5555","0","n/a","n/a","n/a","n/a","http://www.nasdaq.com/symbol/ubp^d",""
"UBP^F_nyse","Urstadt Biddle Properties Inc.","26.64","0","n/a","n/a","n/a","n/a","http://www.nasdaq.com/symbol/ubp^f",""
"LCC_nyse","US Airways Group, Inc. New","17.38","2846215261.12","n/a","n/a","Transportation","Air Freight/Delivery Services","http://www.nasdaq.com/symbol/lcc",""
"USAC_nyse","USA Compression Partners, LP","22","640137872","n/a","n/a","Public Utilities","Natural Gas Distribution","http://www.nasdaq.com/symbol/usac",""
"USNA_nyse","USANA Health Sciences, Inc.","56.21","758818024.58","n/a","n/a","Consumer Durables","Specialty Chemicals","http://www.nasdaq.com/symbol/usna",""
"USU_nyse","USEC Inc.","0.3535","43834410.767","n/a","1998","Basic Industries","Mining & Quarrying of Nonmetallic Minerals (No Fuels)","http://www.nasdaq.com/symbol/usu",""
"USG_nyse","USG Corporation","26.44","2868822413.48","n/a","n/a","Capital Goods","Building Materials","http://www.nasdaq.com/symbol/usg",""
"BIF_nyse","USLIFE Income Fund, Inc.","7.47","190452019.95","n/a","n/a","n/a","n/a","http://www.nasdaq.com/symbol/bif",""
"VFC_nyse","V.F. Corporation","180.62","20044382347.22","n/a","n/a","Consumer Non-Durables","Apparel","http://www.nasdaq.com/symbol/vfc",""
"EGY_nyse","Vaalco Energy Inc","7.5","434323500","n/a","n/a","Energy","Oil & Gas Production","http://www.nasdaq.com/symbol/egy",""
"MTN_nyse","Vail Resorts, Inc.","63.26","2271607704.94","n/a","1981","Consumer Services","Services-Misc. Amusement & Recreation","http://www.nasdaq.com/symbol/mtn",""
"VCI_nyse","Valassis Communications, Inc.","25.34","992333024.9","n/a","1992","Consumer Services","Advertising","http://www.nasdaq.com/symbol/vci",""
"VALE_nyse","VALE S.A.","17.34","123479819413.68","n/a","1991","Basic Industries","Precious Metals","http://www.nasdaq.com/symbol/vale",""
"VALE/P_nyse","VALE S.A.","16.39","0","n/a","n/a","n/a","n/a","http://www.nasdaq.com/symbol/vale/p",""
"VRX_nyse","Valeant Pharmaceuticals International, Inc.","72.74","22087208148.76","n/a","n/a","Consumer Durables","Major Pharmaceuticals","http://www.nasdaq.com/symbol/vrx",""
"VLO_nyse","Valero Energy Corporation","38.23","21183957862.77","n/a","n/a","Energy","Integrated oil Companies","http://www.nasdaq.com/symbol/vlo",""
"VHI_nyse","Valhi, Inc.","16.32","5534364127.68","n/a","n/a","Basic Industries","Major Chemicals","http://www.nasdaq.com/symbol/vhi",""
"VR_nyse","Validus Holdings, Ltd.","38.13","3979003721.25","n/a","2007","Finance","Property-Casualty Insurers","http://www.nasdaq.com/symbol/vr",""
"VLY_nyse","Valley National Bancorp","9.07","1805376334.7","n/a","n/a","Finance","Major Banks","http://www.nasdaq.com/symbol/vly",""
"VLY/WS_nyse","Valley National Bancorp","0.73","0","n/a","n/a","n/a","n/a","http://www.nasdaq.com/symbol/vly/ws",""
"VLY^A_nyse","Valley National Bancorp","25.734","0","n/a","n/a","Finance","Major Banks","http://www.nasdaq.com/symbol/vly^a",""
"VMI_nyse","Valmont Industries, Inc.","151.4","4050630694.4","n/a","n/a","Capital Goods","Metal Fabrications","http://www.nasdaq.com/symbol/vmi",""
"VAL_nyse","Valspar Corporation (The)","67.15","5984037466.3","n/a","n/a","Basic Industries","Paints/Coatings","http://www.nasdaq.com/symbol/val",""
"VHS_nyse","Vanguard Health Systems, Inc.","12.79","995624082.13","n/a","n/a","Health Care","Medical Specialities","http://www.nasdaq.com/symbol/vhs",""
"VNTV_nyse","Vantiv, Inc.","23.65","3345927549.8","n/a","1995","Miscellaneous","Business Services","http://www.nasdaq.com/symbol/vntv",""
"VAR_nyse","Varian Medical Systems, Inc.","68.21","7442611440.21","n/a","n/a","Health Care","Biotechnology: Electromedical & Electrotherapeutic Apparatus","http://www.nasdaq.com/symbol/var",""
"VGR_nyse","Vector Group Ltd.","15.86","1425788798.46","n/a","1991","Consumer Non-Durables","Farming/Seeds/Milling","http://www.nasdaq.com/symbol/vgr",""
"VVC_nyse","Vectren Corporation","36.15","2974198448.4","n/a","n/a","Public Utilities","Natural Gas Distribution","http://www.nasdaq.com/symbol/vvc",""
"VTRB_nyse","Ventas Realty, Limited Partnership // Ventas Capital Corporati","25.66","0","n/a","n/a","n/a","n/a","http://www.nasdaq.com/symbol/vtrb",""
"VTR_nyse","Ventas, Inc.","78.7","23072139488.2","n/a","n/a","Consumer Services","Real Estate Investment Trusts","http://www.nasdaq.com/symbol/vtr",""
"VE_nyse","Veolia Environnement","13.3","6943755091.7","n/a","n/a","Public Utilities","Environmental Services","http://www.nasdaq.com/symbol/ve",""
"PAY_nyse","Verifone Systems, Inc.","22.83","2473317021.27","n/a","1992","Miscellaneous","Office Equipment/Supplies/Services","http://www.nasdaq.com/symbol/pay",""
"VZ_nyse","Verizon Communications Inc.","52.71","150809498891.94","n/a","n/a","Public Utilities","Telecommunications Equipment","http://www.nasdaq.com/symbol/vz",""
"VET_nyse","Vermilion Energy Inc.","50.76","5048685739.44","n/a","1991","Energy","Oil & Gas Production","http://www.nasdaq.com/symbol/vet",""
"VRS_nyse","Verso Paper Corp.","1.24","65934981.28","n/a","2008","Basic Industries","Paper","http://www.nasdaq.com/symbol/vrs",""
"VVI_nyse","Viad Corp","25.62","520795725.24","n/a","n/a","Miscellaneous","Business Services","http://www.nasdaq.com/symbol/vvi",""
"VCO_nyse","Vina Concha Y Toro","38.5","1437986511.5","n/a","1994","Consumer Non-Durables","Beverages (Production/Distribution)","http://www.nasdaq.com/symbol/vco",""
"VIPS_nyse","Vipshop Holdings Limited","33.76","1709688774.4","n/a","n/a","Consumer Services","Catalog/Specialty Distribution","http://www.nasdaq.com/symbol/vips",""
"VEL^E_nyse","Virginia Electric & Power Company","112.9","0","n/a","n/a","Public Utilities","Electric Utilities: Central","http://www.nasdaq.com/symbol/vel^e",""
"VGI_nyse","Virtus Global Multi-Sector Income Fund","19.45","218914340.2","n/a","n/a","n/a","n/a","http://www.nasdaq.com/symbol/vgi",""
"DCA_nyse","Virtus Total Return Fund","4.24","116456302.16","n/a","2005","n/a","n/a","http://www.nasdaq.com/symbol/dca",""
"V_nyse","Visa Inc.","178.58","92496334075.22","n/a","n/a","Miscellaneous","Business Services","http://www.nasdaq.com/symbol/v",""
"VSH_nyse","Vishay Intertechnology, Inc.","14.22","2041996308.66","n/a","1973","Capital Goods","Electrical Products","http://www.nasdaq.com/symbol/vsh",""
"VPG_nyse","Vishay Precision Group, Inc.","13.68","169107180.48","n/a","n/a","Capital Goods","Electrical Products","http://www.nasdaq.com/symbol/vpg",""
"VC_nyse","Visteon Corporation","60.47","3037781078.96","n/a","1986","Capital Goods","Auto Parts:O.E.M.","http://www.nasdaq.com/symbol/vc",""
"VSI_nyse","Vitamin Shoppe, Inc","45.6","1383935102.4","n/a","2009","Consumer Non-Durables","Food Chains","http://www.nasdaq.com/symbol/vsi",""
"VMW_nyse","Vmware, Inc.","75.38","32276018216.26","n/a","2007","Technology","Computer Software: Prepackaged Software","http://www.nasdaq.com/symbol/vmw",""
"VOC_nyse","VOC Energy Trust","13.53","230010000","n/a","n/a","Energy","Oil & Gas Production","http://www.nasdaq.com/symbol/voc",""
"VCRA_nyse","Vocera Communications, Inc.","12.62","309116968.06","n/a","n/a","Consumer Durables","Telecommunications Equipment","http://www.nasdaq.com/symbol/vcra",""
"VG_nyse","Vonage Holdings Corp.","2.76","585178619.64","n/a","2000","Public Utilities","Telecommunications Equipment","http://www.nasdaq.com/symbol/vg",""
"VNOD_nyse","Vornado Realty L.P.","27.84","0","n/a","n/a","Consumer Services","Real Estate Investment Trusts","http://www.nasdaq.com/symbol/vnod",""
"VNO_nyse","Vornado Realty Trust","86.16","16106321926.32","n/a","n/a","Consumer Services","Real Estate Investment Trusts","http://www.nasdaq.com/symbol/vno",""
"VNO^G_nyse","Vornado Realty Trust","25.6","0","n/a","n/a","n/a","n/a","http://www.nasdaq.com/symbol/vno^g",""
"VNO^I_nyse","Vornado Realty Trust","25.5399","0","n/a","n/a","n/a","n/a","http://www.nasdaq.com/symbol/vno^i",""
"VNO^J_nyse","Vornado Realty Trust","28.1","0","n/a","n/a","n/a","n/a","http://www.nasdaq.com/symbol/vno^j",""
"VNO^K_nyse","Vornado Realty Trust","26.35","0","n/a","n/a","n/a","n/a","http://www.nasdaq.com/symbol/vno^k",""
"VNO^L_nyse","Vornado Realty Trust","25","0","n/a","n/a","n/a","n/a","http://www.nasdaq.com/symbol/vno^l",""
"VMC_nyse","Vulcan Materials Company","54.61","7095702020.15","n/a","n/a","Basic Industries","Mining & Quarrying of Nonmetallic Minerals (No Fuels)","http://www.nasdaq.com/symbol/vmc",""
"WTI_nyse","W&T Offshore, Inc.","14.31","1076822205.3","n/a","2005","Energy","Oil & Gas Production","http://www.nasdaq.com/symbol/wti",""
"WPC_nyse","W.P. Carey Inc.","74","5042751312","n/a","n/a","Consumer Services","Real Estate Investment Trusts","http://www.nasdaq.com/symbol/wpc",""
"WRB_nyse","W.R. Berkley Corporation","42.47","5777486590.89","n/a","n/a","Finance","Property-Casualty Insurers","http://www.nasdaq.com/symbol/wrb",""
"WRB^A/CL_nyse","W.R. Berkley Corporation","25.1","0","n/a","n/a","n/a","n/a","http://www.nasdaq.com/symbol/wrb^a/cl",""
"WRB^B_nyse","W.R. Berkley Corporation","25.34","0","n/a","n/a","n/a","n/a","http://www.nasdaq.com/symbol/wrb^b",""
"GRA_nyse","W.R. Grace & Co.","78.87","5989076500.11","n/a","n/a","Basic Industries","Major Chemicals","http://www.nasdaq.com/symbol/gra",""
"GWW_nyse","W.W. Grainger, Inc.","251.59","17496588545.86","n/a","n/a","Consumer Services","Office Equipment/Supplies/Services","http://www.nasdaq.com/symbol/gww",""
"WNC_nyse","Wabash National Corporation","9.75","667639547.25","n/a","1991","Capital Goods","Construction/Ag Equipment/Trucks","http://www.nasdaq.com/symbol/wnc",""
"WBC_nyse","Wabco Holdings Inc.","74.87","4675169327.49","n/a","n/a","Capital Goods","Auto Manufacturing","http://www.nasdaq.com/symbol/wbc",""
"WNA^_nyse","Wachovia Corporation","28.51","0","n/a","n/a","n/a","n/a","http://www.nasdaq.com/symbol/wna^",""
"WDR_nyse","Waddell & Reed Financial, Inc.","44.25","3802538126.25","n/a","1998","Finance","Investment Bankers/Brokers/Service","http://www.nasdaq.com/symbol/wdr",""
"WAGE_nyse","WageWorks, Inc.","25.98","836509807.56","n/a","n/a","Miscellaneous","Business Services","http://www.nasdaq.com/symbol/wage",""
"WAG_nyse","Walgreen Co.","47.81","45299272049.57","n/a","n/a","Health Care","Medical/Nursing Services","http://www.nasdaq.com/symbol/wag",""
"WD_nyse","Walker & Dunlop, Inc.","18.34","641793774.72","n/a","2010","Finance","Finance: Consumer Services","http://www.nasdaq.com/symbol/wd",""
"WMT_nyse","Wal-Mart Stores, Inc.","78.4","257922781054.4","n/a","1970","Consumer Services","Department/Specialty Retail Stores","http://www.nasdaq.com/symbol/wmt",""
"DIS_nyse","Walt Disney Company (The)","66.67","120321903661.06","n/a","n/a","Consumer Services","Television Services","http://www.nasdaq.com/symbol/dis",""
"WLT_nyse","Walter Energy, Inc.","18.88","1181185966.08","n/a","n/a","Energy","Coal Mining","http://www.nasdaq.com/symbol/wlt",""
"WAC_nyse","Walter Investment Management Corp.","38.9","1434915464.3","n/a","1991","Finance","Finance: Consumer Services","http://www.nasdaq.com/symbol/wac",""
"WPO_nyse","Washington Post Company (The)","446.8","3316923457.6","n/a","1971","Consumer Services","Other Consumer Services","http://www.nasdaq.com/symbol/wpo",""
"WRE_nyse","Washington Real Estate Investment Trust","28.64","1904123497.76","n/a","n/a","n/a","n/a","http://www.nasdaq.com/symbol/wre",""
"WCN_nyse","Waste Connections, Inc.","38.49","4750382375.88","n/a","n/a","Public Utilities","Environmental Services","http://www.nasdaq.com/symbol/wcn",""
"WM_nyse","Waste Management, Inc.","41.3","19288153645.6","n/a","n/a","Public Utilities","Environmental Services","http://www.nasdaq.com/symbol/wm",""
"WAT_nyse","Waters Corporation","96.42","8262018254.52","n/a","1995","Capital Goods","Biotechnology: Laboratory Analytical Instruments","http://www.nasdaq.com/symbol/wat",""
"WSO_nyse","Watsco, Inc.","85.94","2976544876.94","n/a","n/a","Consumer Durables","Industrial Machinery/Components","http://www.nasdaq.com/symbol/wso",""
"WSO/B_nyse","Watsco, Inc.","86.24","0","n/a","n/a","Consumer Durables","Industrial Machinery/Components","http://www.nasdaq.com/symbol/wso/b",""
"WTS_nyse","Watts Water Technologies, Inc.","46.22","1329390455.48","n/a","1986","Capital Goods","Metal Fabrications","http://www.nasdaq.com/symbol/wts",""
"WPP_nyse","Wausau Paper Corp.","10.54","520240223.7","n/a","n/a","Basic Industries","Paper","http://www.nasdaq.com/symbol/wpp",""
"WFT_nyse","Weatherford International, Ltd","13.44","10291918761.6","n/a","n/a","Energy","Oil & Gas Production","http://www.nasdaq.com/symbol/wft",""
"WBS_nyse","Webster Financial Corporation","23.02","2077709786.48","n/a","n/a","Finance","Major Banks","http://www.nasdaq.com/symbol/wbs",""
"WBS/WS_nyse","Webster Financial Corporation","9.38","0","n/a","n/a","n/a","n/a","http://www.nasdaq.com/symbol/wbs/ws",""
"WBS^E_nyse","Webster Financial Corporation","26.39","0","n/a","n/a","n/a","n/a","http://www.nasdaq.com/symbol/wbs^e",""
"WTW_nyse","Weight Watchers International Inc","43.75","2443620681.25","n/a","2001","Consumer Services","Other Consumer Services","http://www.nasdaq.com/symbol/wtw",""
"WRD_nyse","Weingarten Realty Investors","22.58","0","n/a","n/a","Consumer Services","Real Estate Investment Trusts","http://www.nasdaq.com/symbol/wrd",""
"WRI_nyse","Weingarten Realty Investors","35.57","4329266743.74","n/a","1985","Consumer Services","Real Estate Investment Trusts","http://www.nasdaq.com/symbol/wri",""
"WRI^F_nyse","Weingarten Realty Investors","25.54","0","n/a","n/a","n/a","n/a","http://www.nasdaq.com/symbol/wri^f",""
"WMK_nyse","Weis Markets, Inc.","41.16","1107139913.88","n/a","n/a","Consumer Services","Food Chains","http://www.nasdaq.com/symbol/wmk",""
"WCG_nyse","WellCare Health Plans, Inc.","56.32","2447817011.2","n/a","1999","Health Care","Medical Specialities","http://www.nasdaq.com/symbol/wcg",""
"WLP_nyse","WellPoint Inc.","75.39","22644330985.92","n/a","1993","Health Care","Medical Specialities","http://www.nasdaq.com/symbol/wlp",""
"WFC_nyse","Wells Fargo & Company","37.89","199826186806.08","n/a","n/a","Finance","Major Banks","http://www.nasdaq.com/symbol/wfc",""
"WFC/WS_nyse","Wells Fargo & Company","12.48","0","n/a","n/a","n/a","n/a","http://www.nasdaq.com/symbol/wfc/ws",""
"WFC^J_nyse","Wells Fargo & Company","30.88","0","n/a","n/a","n/a","n/a","http://www.nasdaq.com/symbol/wfc^j",""
"WFC^L_nyse","Wells Fargo & Company","1344","0","n/a","n/a","n/a","n/a","http://www.nasdaq.com/symbol/wfc^l",""
"WFC^N_nyse","Wells Fargo & Company","26.17","0","n/a","n/a","n/a","n/a","http://www.nasdaq.com/symbol/wfc^n",""
"WFC^O_nyse","Wells Fargo & Company","25.88","0","n/a","n/a","n/a","n/a","http://www.nasdaq.com/symbol/wfc^o",""
"WFC^P_nyse","Wells Fargo & Company","25.94","0","n/a","n/a","n/a","n/a","http://www.nasdaq.com/symbol/wfc^p",""
"EOD_nyse","Wells Fargo Advantage Global Dividend Opportunity Fund","7.91","388862125.75","n/a","2007","n/a","n/a","http://www.nasdaq.com/symbol/eod",""
"WAIR_nyse","Wesco Aircraft Holdings, Inc.","16.87","1570452002.35","n/a","n/a","Capital Goods","Wholesale Distributors","http://www.nasdaq.com/symbol/wair",""
"WCC_nyse","WESCO International, Inc.","74.67","3293511131.85","n/a","1999","Consumer Non-Durables","Telecommunications Equipment","http://www.nasdaq.com/symbol/wcc",""
"WST_nyse","West Pharmaceutical Services, Inc.","65.25","2256563913.75","n/a","1970","Basic Industries","Specialty Chemicals","http://www.nasdaq.com/symbol/wst",""
"WR_nyse","Westar Energy, Inc.","33.47","4244033653.75","n/a","n/a","Public Utilities","Power Generation","http://www.nasdaq.com/symbol/wr",""
"WAL_nyse","Western Alliance Bancorporation","14.71","1278983647.53","n/a","1990","Finance","Major Banks","http://www.nasdaq.com/symbol/wal",""
"WEA_nyse","Western Asset Bond Fund","16.84","200144511.44","n/a","1997","n/a","n/a","http://www.nasdaq.com/symbol/wea",""
"ESD_nyse","Western Asset Emerging Markets Debt Fund Inc","21.66","666592283.22","n/a","2003","n/a","n/a","http://www.nasdaq.com/symbol/esd",""
"EMD_nyse","Western Asset Emerging Markets Income Fund, Inc","15.2","435174252","n/a","1992","n/a","n/a","http://www.nasdaq.com/symbol/emd",""
"GDO_nyse","Western Asset Global Corporate Defined Opportunity Fund Inc.","20.11","308106295.39","n/a","2009","n/a","n/a","http://www.nasdaq.com/symbol/gdo",""
"EHI_nyse","Western Asset Global High Income Fund Inc","14.09","436221637.58","n/a","2003","n/a","n/a","http://www.nasdaq.com/symbol/ehi",""
"GDF_nyse","Western Asset Global Partners Income Fund, Inc.","13.6","211526362.4","n/a","1980","n/a","n/a","http://www.nasdaq.com/symbol/gdf",""
"HIX_nyse","Western Asset High Income Fund II Inc.","10.3","882854941.6","n/a","1998","n/a","n/a","http://www.nasdaq.com/symbol/hix",""
"HIF_nyse","Western Asset High Income Fund Inc.","9.77","51381797.8","n/a","1993","n/a","n/a","http://www.nasdaq.com/symbol/hif",""
"HIO_nyse","Western Asset High Income Opportunity Fund, Inc.","6.58","497195137.18","n/a","1993","n/a","n/a","http://www.nasdaq.com/symbol/hio",""
"HYI_nyse","Western Asset High Yield Defined Opportunity Fund Inc.","19.6","444874665.2","n/a","1987","n/a","n/a","http://www.nasdaq.com/symbol/hyi",""
"IMF_nyse","Western Asset Inflation Management Fund Inc","18.3899","129885325.8938","n/a","1990","n/a","n/a","http://www.nasdaq.com/symbol/imf",""
"IGI_nyse","Western Asset Investment Grade Defined Opportunity Trust Inc.","22.92","246170220.12","n/a","2009","n/a","n/a","http://www.nasdaq.com/symbol/igi",""
"MHY_nyse","Western Asset Managed High Income Fund, Inc.","6.25","294411900","n/a","1993","n/a","n/a","http://www.nasdaq.com/symbol/mhy",""
"MMU_nyse","Western Asset Managed Municipals Fund, Inc.","14.67","626095883.52","n/a","1992","n/a","n/a","http://www.nasdaq.com/symbol/mmu",""
"WMC_nyse","Western Asset Mortgage Capital Corporation","21.7","527407715.1","n/a","n/a","Consumer Services","Real Estate Investment Trusts","http://www.nasdaq.com/symbol/wmc",""
"DMO_nyse","Western Asset Mortgage Defined Opportunity Fund Inc","26.53","276133737.74","n/a","2010","n/a","n/a","http://www.nasdaq.com/symbol/dmo",""
"MTT_nyse","Western Asset Municipal Defined Opportunity Trust Inc","23.25","280250129.25","n/a","2009","n/a","n/a","http://www.nasdaq.com/symbol/mtt",""
"MHF_nyse","Western Asset Municipal High Income Fund, Inc.","7.87","169783476.48","n/a","1988","n/a","n/a","http://www.nasdaq.com/symbol/mhf",""
"MNP_nyse","Western Asset Municipal Partners Fund, Inc.","16.82","163474639.66","n/a","1993","n/a","n/a","http://www.nasdaq.com/symbol/mnp",""
"GFY_nyse","Western Asset Variable Rate Strategic Fund Inc.","18.84","125499400.68","n/a","2004","n/a","n/a","http://www.nasdaq.com/symbol/gfy",""
"SBW_nyse","Western Asset Worldwide Income Fund Inc.","15.38","200212579.74","n/a","1993","n/a","n/a","http://www.nasdaq.com/symbol/sbw",""
"WIW_nyse","Western Asset/Claymore U.S Treasury Inflation Prot Secs Fd 2","13.19","807018727.46","n/a","2004","n/a","n/a","http://www.nasdaq.com/symbol/wiw",""
"WIA_nyse","Western Asset/Claymore U.S. Treasury Inflation Prot Secs Fd","13.47","392688485.4","n/a","2003","n/a","n/a","http://www.nasdaq.com/symbol/wia",""
"WGP_nyse","Western Gas Equity Partners, LP","39","8536925085","n/a","1987","n/a","n/a","http://www.nasdaq.com/symbol/wgp",""
"WES_nyse","Western Gas Partners, LP","62.49","6568304028.18","n/a","2008","Public Utilities","Natural Gas Distribution","http://www.nasdaq.com/symbol/wes",""
"WNR_nyse","Western Refining, Inc.","31.25","2589146843.75","n/a","2006","Energy","Integrated oil Companies","http://www.nasdaq.com/symbol/wnr",""
"WU_nyse","Western Union Company (The)","16.1","8969494280.6","n/a","n/a","Miscellaneous","Business Services","http://www.nasdaq.com/symbol/wu",""
"WAB_nyse","Westinghouse Air Brake Technologies Corporation","105.82","5089861470.98","n/a","1995","Capital Goods","Railroads","http://www.nasdaq.com/symbol/wab",""
"WLK_nyse","Westlake Chemical Corporation","89.33","6005920763.45","n/a","2004","Basic Industries","Major Chemicals","http://www.nasdaq.com/symbol/wlk",""
"WBK_nyse","Westpac Banking Corporation","168.39","103734736149.42","n/a","n/a","Finance","Commercial Banks","http://www.nasdaq.com/symbol/wbk",""
"WHG_nyse","Westwood Holdings Group Inc","43.69","354533077.98","n/a","n/a","Finance","Investment Managers","http://www.nasdaq.com/symbol/whg",""
"WEX_nyse","WEX Inc.","72.15","2799331616.25","n/a","n/a","Miscellaneous","Business Services","http://www.nasdaq.com/symbol/wex",""
"WY_nyse","Weyerhaeuser Company","31.81","17421350699.14","n/a","n/a","Consumer Services","Real Estate Investment Trusts","http://www.nasdaq.com/symbol/wy",""
"WGL_nyse","WGL Holdings Inc","44.78","2315389843.76","n/a","n/a","Public Utilities","Oil/Gas Transmission","http://www.nasdaq.com/symbol/wgl",""
"WHR_nyse","Whirlpool Corporation","124.71","9872824658.73","n/a","n/a","Consumer Durables","Consumer Electronics/Appliances","http://www.nasdaq.com/symbol/whr",""
"WTM_nyse","White Mountains Insurance Group, Ltd.","588.63","3635502492.3","n/a","n/a","Finance","Property-Casualty Insurers","http://www.nasdaq.com/symbol/wtm",""
"WSR_nyse","Whitestone REIT","16.37","278688380.32","n/a","2010","Consumer Services","Real Estate Investment Trusts","http://www.nasdaq.com/symbol/wsr",""
"WWAV_nyse","Whitewave Foods Company (The)","18.28","3162440000","n/a","n/a","Consumer Non-Durables","Packaged Foods","http://www.nasdaq.com/symbol/wwav",""
"WLL_nyse","Whiting Petroleum Corporation","46.9","5526253826.8","n/a","2003","Energy","Oil & Gas Production","http://www.nasdaq.com/symbol/wll",""
"WLL^A_nyse","Whiting Petroleum Corporation","218.83","0","n/a","n/a","n/a","n/a","http://www.nasdaq.com/symbol/wll^a",""
"WHX_nyse","Whiting USA Trust I","7.21","99958639.69","n/a","2008","Energy","Oil & Gas Production","http://www.nasdaq.com/symbol/whx",""
"WHZ_nyse","Whiting USA Trust II","14.39","264776000","n/a","n/a","Energy","Oil & Gas Production","http://www.nasdaq.com/symbol/whz",""
"WG_nyse","Willbros Group, Inc.","7.9","388460166.7","n/a","1996","Energy","Oilfield Services/Equipment","http://www.nasdaq.com/symbol/wg",""
"WMB_nyse","Williams Companies, Inc. (The)","36.86","25159552426.58","n/a","n/a","Public Utilities","Natural Gas Distribution","http://www.nasdaq.com/symbol/wmb",""
"WPZ_nyse","Williams Partners L.P.","51.02","20304082412.98","n/a","2005","Public Utilities","Natural Gas Distribution","http://www.nasdaq.com/symbol/wpz",""
"WSM_nyse","Williams-Sonoma, Inc.","56.13","5483693375.13","n/a","1983","Consumer Services","Home Furnishings","http://www.nasdaq.com/symbol/wsm",""
"WSH_nyse","Willis Group Holdings Limited","40.51","7045696321.66","n/a","2001","Finance","Specialty Insurers","http://www.nasdaq.com/symbol/wsh",""
"WGO_nyse","Winnebago Industries, Inc.","19.56","548936612.64","n/a","n/a","Consumer Non-Durables","Homebuilding","http://www.nasdaq.com/symbol/wgo",""
"FUR_nyse","Winthrop Realty Trust","12.67","419742567.51","n/a","n/a","Consumer Services","Real Estate Investment Trusts","http://www.nasdaq.com/symbol/fur",""
"FUR^D_nyse","Winthrop Realty Trust","27.78","0","n/a","n/a","n/a","n/a","http://www.nasdaq.com/symbol/fur^d",""
"WRT_nyse","Winthrop Realty Trust","26.17","0","n/a","n/a","Consumer Services","Real Estate Investment Trusts","http://www.nasdaq.com/symbol/wrt",""
"WIT_nyse","Wipro Limited","8.06","19843680602.72","n/a","n/a","Technology","EDP Services","http://www.nasdaq.com/symbol/wit",""
"WEC_nyse","Wisconsin Energy Corporation","43.13","9864823852.6","n/a","n/a","Public Utilities","Power Generation","http://www.nasdaq.com/symbol/wec",""
"WMS_nyse","WMS Industries Inc.","25.28","1384672082.88","n/a","n/a","Consumer Durables","Miscellaneous manufacturing industries","http://www.nasdaq.com/symbol/wms",""
"WNS_nyse","WNS (Holdings) Limited","15.29","773491192.76","n/a","2006","Miscellaneous","Business Services","http://www.nasdaq.com/symbol/wns",""
"WWW_nyse","Wolverine World Wide, Inc.","50.18","2517822497.06","n/a","n/a","Consumer Non-Durables","Shoe Manufacturing","http://www.nasdaq.com/symbol/www",""
"WF_nyse","Woori Finance Holdings Co Ltd","31.8608","8560076597.0704","n/a","n/a","Finance","Commercial Banks","http://www.nasdaq.com/symbol/wf",""
"WDAY_nyse","Workday, Inc.","64.96","2446017416.64","n/a","n/a","Technology","EDP Services","http://www.nasdaq.com/symbol/wday",""
"INT_nyse","World Fuel Services Corporation","40.61","2949220030","n/a","n/a","Energy","Oil Refining/Marketing","http://www.nasdaq.com/symbol/int",""
"WWE_nyse","World Wrestling Entertainment, Inc.","9.29","695103877.03","n/a","n/a","Consumer Services","Movies/Entertainment","http://www.nasdaq.com/symbol/wwe",""
"WOR_nyse","Worthington Industries, Inc.","33.85","2406788415.3","n/a","n/a","Capital Goods","Steel/Iron Ore","http://www.nasdaq.com/symbol/wor",""
"WPX_nyse","WPX Energy, Inc.","16.7","3343817736.9","n/a","n/a","Energy","Oil & Gas Production","http://www.nasdaq.com/symbol/wpx",""
"WH_nyse","WSP Holdings Limited","3.1","63356318.2","n/a","2007","Energy","Metal Fabrications","http://www.nasdaq.com/symbol/wh",""
"WX_nyse","Wuxi Pharmatech (Cayman) Inc.","19.81","1394477406","n/a","2007","Consumer Durables","Major Pharmaceuticals","http://www.nasdaq.com/symbol/wx",""
"WYN_nyse","Wyndham Worldwide Corp","63.45","8621105937.3","n/a","1996","Consumer Services","Hotels/Resorts","http://www.nasdaq.com/symbol/wyn",""
"XCJ/CL_nyse","Xcel Energy Inc.","25.292","0","n/a","n/a","n/a","n/a","http://www.nasdaq.com/symbol/xcj/cl",""
"XEL_nyse","Xcel Energy Inc.","30.23","15031543555.32","n/a","1993","Public Utilities","Power Generation","http://www.nasdaq.com/symbol/xel",""
"XRM_nyse","Xerium Technologies, Inc.","9.39","144325670.94","n/a","2005","Basic Industries","Textiles","http://www.nasdaq.com/symbol/xrm",""
"XRX_nyse","Xerox Corporation","9","11051124948","n/a","n/a","Miscellaneous","Business Services","http://www.nasdaq.com/symbol/xrx",""
"XIN_nyse","Xinyuan Real Estate Co Ltd","4.75","337103695.25","n/a","2007","Basic Industries","Homebuilding","http://www.nasdaq.com/symbol/xin",""
"XL_nyse","XL Group plc","31.99","9430392145.23","n/a","n/a","Finance","Property-Casualty Insurers","http://www.nasdaq.com/symbol/xl",""
"XOXO_nyse","XO Group, Inc.","11.73","314071406.88","n/a","1997","Consumer Services","Other Consumer Services","http://www.nasdaq.com/symbol/xoxo",""
"XPO_nyse","XPO Logistics, Inc.","16.52","299886387.08","n/a","n/a","Consumer Services","Transportation Services","http://www.nasdaq.com/symbol/xpo",""
"XUE_nyse","Xueda Education Group","3.04","198173702.72","n/a","2010","Consumer Services","Other Consumer Services","http://www.nasdaq.com/symbol/xue",""
"XYL_nyse","Xylem Inc.","27.88","5165920245.16","n/a","n/a","Capital Goods","Fluid Controls","http://www.nasdaq.com/symbol/xyl",""
"AUY_nyse","Yamana Gold Inc.","12.12","9119169107.04","n/a","n/a","Basic Industries","Precious Metals","http://www.nasdaq.com/symbol/auy",""
"YZC_nyse","Yanzhou Coal Mining Company Limited","10.58","5203667200","n/a","1998","Energy","Coal Mining","http://www.nasdaq.com/symbol/yzc",""
"YELP_nyse","Yelp Inc.","30.67","1976417032.59","n/a","n/a","Consumer Services","Other Consumer Services","http://www.nasdaq.com/symbol/yelp",""
"YGE_nyse","Yingli Green Energy Holding Company Limited","2.17","339789493.4","n/a","2007","Technology","Semiconductors","http://www.nasdaq.com/symbol/yge",""
"YOKU_nyse","Youku Tudou Inc.","19.41","3176991474.57","n/a","2010","Technology","Radio And Television Broadcasting And Communications Equipment","http://www.nasdaq.com/symbol/yoku",""
"YPF_nyse","YPF Sociedad Anonima","13.4","5270391426.2","n/a","1993","Energy","Integrated oil Companies","http://www.nasdaq.com/symbol/ypf",""
"YUM_nyse","Yum! Brands, Inc.","69.07","31070309623.95","n/a","n/a","Consumer Services","Restaurants","http://www.nasdaq.com/symbol/yum",""
"ZFC_nyse","ZAIS Financial Corp.","20.27","161569859.22","n/a","n/a","Consumer Services","Real Estate Investment Trusts","http://www.nasdaq.com/symbol/zfc",""
"ZLC_nyse","Zale Corporation","4.67","151654131.06","n/a","n/a","Consumer Services","Consumer Specialties","http://www.nasdaq.com/symbol/zlc",""
"ZEP_nyse","Zep Inc.","15.57","352540112.76","n/a","n/a","Consumer Durables","Specialty Chemicals","http://www.nasdaq.com/symbol/zep",""
"ZMH_nyse","Zimmer Holdings, Inc.","78.28","13084258705.76","n/a","n/a","Health Care","Industrial Specialties","http://www.nasdaq.com/symbol/zmh",""
"ZB^A_nyse","Zions Bancorporation","24.27","0","n/a","n/a","n/a","n/a","http://www.nasdaq.com/symbol/zb^a",""
"ZB^C_nyse","Zions Bancorporation","26.03","0","n/a","n/a","n/a","n/a","http://www.nasdaq.com/symbol/zb^c",""
"ZB^F_nyse","Zions Bancorporation","28.9","0","n/a","n/a","n/a","n/a","http://www.nasdaq.com/symbol/zb^f",""
"ZB^G_nyse","Zions Bancorporation","27.52","0","n/a","n/a","n/a","n/a","http://www.nasdaq.com/symbol/zb^g",""
"ZB^H_nyse","Zions Bancorporation","24.88","0","n/a","n/a","n/a","n/a","http://www.nasdaq.com/symbol/zb^h",""
"ZTS_nyse","Zoetis Inc.","33.55","16775000000","n/a","n/a","Consumer Durables","Major Pharmaceuticals","http://www.nasdaq.com/symbol/zts",""
"ZA_nyse","Zuoan Fashion Limited","2.77","77058707.56","n/a","n/a","Consumer Non-Durables","Apparel","http://www.nasdaq.com/symbol/za",""
"ZF_nyse","Zweig Fund, Inc. (The)","13.2","291348538.8","n/a","1986","n/a","n/a","http://www.nasdaq.com/symbol/zf",""
"ZTR_nyse","Zweig Total Return Fund, Inc. (The)","13.18","458750658.5","n/a","1988","n/a","n/a","http://www.nasdaq.com/symbol/ztr",""
